isco3d,tasks_social_outward,tasks_social_inward,tasks_social,tasks_analytical,tasks_routine,tasks_manual,tasks_social_care,tasks_social_mngmt,ess_social,ess_social_outward,ess_social_inward,ess_analytical,ess_routine,ess_manual,ess_social_care,ess_social_mngmt,opt_social,opt_social_outward,opt_social_inward,opt_analytical,opt_routine,opt_manual,opt_social_care,opt_social_mngmt,weight_LFS,onet_nrca,onet_nrcp,onet_rcog,onet_rman,onet_nrma,onet_abstract,onet_routine,onet_manual
11,-.6581663851845078,1.598609847898247,-.1655422277046198,-.5709438412449753,-.958156066014053,-.5535866627199498,-.4351423772894462,3.913711331865193,-.1145409353863925,-.425672921592199,1.119253398669755,-1.270687238573728,-1.104401020521122,-.5546658084308539,-.3837340362936844,2.706277902979887,-.2039570461875205,-.9188283386799742,1.669874468662183,.2846795174367658,-.5432864083807346,-.502266937637212,-.4051146898718186,4.105668199499312,237.234286329709,7.1737583e-10,-5.1902331e-09,-3.7828527e-09,3.0464573e-09,-5.9488117e-09,-5.6795639e-09,6.9165274e-10,-1.1058604e-10
21,-.6581663851845078,1.37457214706843,-.2228997191323914,-.4512640535951689,-.9104087101210371,-.1189057475184554,-.0924637566338856,3.461582019563015,-.2825771296886325,-.6191741288745364,1.119253398669755,-.6853026203557161,-.9183122579221367,-.4356758959443954,-.4470512495873481,2.547027212182558,-.0154498064018878,-.5035922328506939,1.217231921141661,-.107281936947565,-.6990991014591917,.20625264249615,.7407806155667384,3.407064352755255,383.7988011967391,7.1737583e-10,-5.1902331e-09,-3.7828527e-09,3.0464573e-09,-5.9488117e-09,-5.6795639e-09,6.9165274e-10,-1.1058604e-10
31,-.8272088002297754,-.1040766784083626,-.7477207656965011,.0083063309800874,.3787698989903948,.2015161842586463,-.2980709290272219,-.4041236006206075,-.5962446923861471,-.7094746922729604,.0962238860306153,-.083192727331475,.1535590146480154,.2782635789743557,-.2950899376825552,-.4150356366477684,-.7619384759529935,-.7804163034035474,-.3443848678041417,.1017641720574114,.609727520399848,.1070599012774793,-.2045830114200711,-.225675650313837,695.4873291198164,7.1737583e-10,-5.1902331e-09,-3.7828527e-09,3.0464573e-09,-5.9488117e-09,-5.6795639e-09,6.9165274e-10,-1.1058604e-10
111,1.532755896088469,3.384510377370217,2.39874733548411,1.056017386291536,-3.318239657297415,-.9013313948811453,-.4994820366778371,1.378557687885123,1.418055846297212,.6247622036547746,3.232586473532014,-.3364611743972272,-2.062492306816466,-.8640395808956459,-.4253424907438063,2.023774942419904,3.443388747607637,2.926389822285139,2.332672484674376,2.271861875061453,-4.340664328264276,-.856526727703893,-.4992418042471286,-.1192217308099809,355.1311409925111,1.6562744,1.8314486,-.91401678,-1.2751791,-1.5377508,1.8928311,-1.2918316,-1.5377508
112,-.7327439212338905,4.735137659515687,.572935474427939,.6617579715480303,-3.417144894504377,-.8640730307210173,-.3861882886243661,4.817969956469549,.5295978094388607,-.5869239276608135,4.529351774133553,.4436534290647358,-3.709643696906908,-.8640395808956459,-.3520754296468525,5.413539646534486,.4369675690836308,-.7804163034035474,3.254123384984011,.7419678808851519,-2.257226032243763,-.7856747696905568,-.3334962332819087,2.009856659267143,1432.803030148731,1.25432,2.2626531,-1.0984234,-.89880025,-1.1073785,1.9087056,-1.1785499,-1.1073785
121,.4494481316970653,2.831884048656669,1.108545191998701,1.794042743465341,-1.198825476550993,-.8693956541724641,-.5330505546196064,2.908261861174158,-.1654852419129447,-.3907607990084546,.765871322119425,.3940749358891281,-.9372755889679382,-.8538404455396639,-.4470512495873481,.881719988416199,3.248777463867041,2.089765964614292,4.654082121243913,2.853789833263798,-1.300090917618955,-.8059181862657958,-.5483516030516382,4.70225370671884,2349.092940015486,.99267453,1.8982307,-.16558757,-.75244713,-.89216602,1.5689306,-.54172683,-.89216602
122,.374318169454724,2.623582329194662,.9902112245649776,1.517229093668846,-2.405855896690298,-.8880839765130999,-.4628830275329915,1.926603004297121,.3565827649350728,.1200004829439921,1.107345118628453,1.259010575868395,-2.180242186693385,-.8545203878967293,-.3837340362936844,.5447151932241366,1.883446455705386,.7845624421219178,3.757311016977658,1.449240549685323,-2.191438450721748,-.8407818481453739,-.4862822740070497,3.172643950847805,1343.153453326784,1.4260125,1.5502632,-1.3709849,-1.2795901,-1.3378716,1.6152623,-1.5640888,-1.3378716
131,-.0781188825781979,.3664024933342533,.0208696194356377,.793405737962817,-1.865355827981357,.2164195299226975,-.5330505546196064,1.08790312997658,-.4319426357350681,-.5116734581621267,.0637467586452457,.6527193641425969,-.9183122579221367,.4210514739581059,-.4470512495873481,.7952696134119346,.9270863925262762,.8805281199135737,.6514287367410078,.7637435172398366,-2.77660167583862,-.0063032315438586,-.5483516030516382,1.078384863608401,119.1304151638178,.5978812,.97989291,-1.4783909,-.32172406,.91687453,.85627782,-1.0622373,.91687453
132,-.309325200020359,1.930346501653751,.221218034836734,1.197023690497859,-.5199884434556253,-.7066432121543265,-.4751048986486952,2.555454582064428,-.1025933741342042,-.4802425805284115,1.377285628795268,.4376626382065129,-.3714420012207676,-.7757891606625931,-.4082856087953091,2.170034391865724,.7887974486048807,.1694199132117266,1.980483902047642,1.72211915429645,-.6128938754884111,-.5738805527115801,-.4665019383774556,2.091536989844854,2867.091129295761,.98696148,1.4147067,-.57804376,-.62514311,-.63444889,1.3034155,-.70999348,-.63444889
133,-.763127361846602,.3664024933342533,-.5527052948420779,.6019180777231269,-1.531124336730245,-.8682128489610315,-.5330505546196064,1.012548244592884,-.531519639766025,-.6406742630170182,.0637467586452459,1.238103982360609,-1.464172628212492,-.8640395808956459,-.4470512495873481,.3706011046190565,-.3798971366541111,-.7496580733421192,.6514287367410074,-.1943844823663052,-1.287724830866696,-.7935472094698164,-.5483516030516382,1.544120761437772,526.2954755593091,1.4965428,1.8699569,-.50053906,-.57088053,-1.0361041,1.8270417,-.63223839,-1.0361041
134,1.474441634314589,3.118668013236916,2.068828202629128,.8388414834322397,-1.128079091951501,-.8475362567731344,.7260902071468976,2.485282039614067,1.670898976964993,1.179783735402933,2.820732348830882,1.78748050523863,-.8840733966613354,-.838172208615981,.4400779671032227,1.938900438875958,2.06539443830691,1.573021403784221,2.369580679410619,-.3355172875544272,-1.220424969802725,-.779898794852513,1.128949819515015,2.284949181922781,1652.192379522952,1.0663373,2.104224,.34465021,-.8634811,-1.0016801,1.7207036,-.30615905,-1.0016801
141,.2864824047743399,.1983742177118905,.2933177037175527,1.343932761151927,-.8387876762815131,-.6032644816001206,.3481230413518352,1.766097098429847,.7256400361248073,.5418331148194874,1.119253398669755,1.07085123429832,-1.029965515481527,-.5784637909281456,-.0671479698253659,3.024779284574546,-.6940758696301658,-.3651801975742671,-1.159141453341082,1.329910062461648,-.3874737153022775,-.5731188956505482,1.170491355106197,-.784558727709082,1221.851748101297,-.29305711,.89140946,.37700793,.11064423,-.25323942,.32473335,.28776067,-.25323942
142,.3520202394844034,1.285466243329298,.6283375968297639,.3233905719199412,-.5989657296370464,-.8527826173391603,-.5330505546196064,2.680631389222889,.8028687920919984,.4323778864577611,1.868441678127711,1.023336249053352,-.5309092885115231,-.798054265789519,-.4470512495873481,3.032017952338061,.0308201524545856,.052153060304656,-.0069604232888432,-.4774677549772109,-.5621727954205477,-.8296888648200536,-.5483516030516382,1.088969770377251,1190.178124279599,.35669193,1.8263876,-.64400595,-1.091799,-.61111325,1.1847848,-1.0242883,-.61111325
143,.4348482965974505,2.409412955663301,.98775304636093,.2098242972323329,-2.043461044407687,-.7783196528921511,-.1600670219332819,2.72776896904083,.759425091063882,.1797435541024507,2.63356390175742,.9049258889984296,-2.305411986755204,-.8187100904246142,-.4108699848481117,3.055112749488323,1.063529727990163,.8248703702786082,1.197473714702272,-.5607682051594191,-1.228367614455856,-.6675881730016632,.4611275945966143,1.15231119659719,1089.053556344705,.91636914,2.0271552,-.39607537,-.50984561,-.51193708,1.5974878,-.53457862,-.51193708
211,-.7285469170406352,-.9184500839490851,-.8278303724333246,1.696055564944961,-.3317433117130648,-.2256203154294716,-.5330505546196064,-.5679470787145137,-.755497176531679,-.6242350370736595,-.9182118412776554,1.581026418728582,-.3651815366254791,-.22358024024613,-.4470512495873481,-.7538052879802691,-.6509885005363067,-.6886659012316737,-.5758865473436556,1.439212444943281,-.212100121361157,-.2071654653273372,-.5483516030516382,-.0678093265041412,344.7649888875894,1.915251,.026798638,-.65664071,-.7722981,-.77835488,1.0539747,-.84320843,-.77835488
212,-.7907486714945215,-.9218142864371951,-.8825108705517644,1.870523826811075,-.6000508968164331,-.9013313948811453,-.5330505546196064,-.9466787753832212,-.9173805303859834,-.7696750678719098,-1.072952699842687,1.363543543407326,-.695005742803355,-.8640395808956459,-.4470512495873481,-.7972372945613589,-.4678671818874064,-.5497295779428361,-.3670169951801678,1.9831791531022,-.3355361509427918,-.856526727703893,-.5483516030516382,-.784558727709082,156.9589996277355,2.1467369,-.18751451,-.62208021,-1.5183754,-1.5504489,1.0632946,-1.2630703,-1.5504489
213,-.2371447787401537,-.112816610693482,-.22579910880896,1.052387537786992,-.349246104323448,-.176963286396545,-.5278861672439495,-.0540960176350202,-.4362922905814752,-.3183140100060036,-.6853685202766291,1.017826599335715,.0491039158177281,-.0211725744256333,-.4437114405344955,-.5522362317962369,.2873218218076517,.022880504991949,.727283669155161,.8546747459736869,-.8283151956458682,-.3155084431815463,-.540796249389406,.6960719892363796,725.2435319388751,1.5550499,.65543312,-.8340295,-.78871101,-.16050611,1.199657,-.9575696,-.16050611
214,-.6206681717151172,-.284058229710189,-.615092715888252,2.002418347712619,-.2975220356613457,-.3436945719739291,-.5330505546196064,-.0162115794060423,-.610157118766063,-.5893832633602517,-.4177884447222701,1.575215415201342,-.0850778534262737,-.4561254214867765,-.4470512495873481,-.0582947062176358,-.3851362366142385,-.4631286320408222,.0083759450295834,2.002689497172536,-.5285373187561946,-.2009202684393704,-.5483516030516382,.0518438454687835,3412.829824327724,1.3879933,.24695429,-.49857295,-.73255408,-.83780742,.88730669,-.72648078,-.83780742
215,-.5499052000969479,-.6534054825209531,-.6484252643027096,3.014165226197147,-.7206594776111294,-.2919716555003491,-.5330505546196064,-.691255072978744,-.6530811771544661,-.5245176941433497,-.8494088360213126,2.326332901571088,-.2802936432970461,-.4257858252961703,-.4470512495873481,-.7062368998200279,-.3860991064479241,-.4053256796674298,-.1362868654375638,3.061214552895178,-1.17665488803732,-.1326712259226226,-.5483516030516382,-.3914050477232495,996.8532171676634,1.1567847,-1.5429318,-.25903341,-.7082234,-.58788812,-.20956692,-.57077253,-.58788812
216,-.4890625894511338,-.3996523434978594,-.5236472006399132,2.286363596914926,.0958226048095594,-.5939006070096122,-.5252800643553079,-.3381581731775782,-.5759736594227022,-.5128679100589313,-.5580871287928808,2.424027733667357,.065398232620962,-.6277596118153926,-.4470512495873481,-.5453010165274887,-.2137314956578868,-.260943973477205,-.0296306518894082,1.635229831455909,.1172000251537832,-.5063905965692052,-.5256155850865875,.1007091098316665,1898.007011916488,1.3374949,.58066392,.23631045,-.47690263,-.3187041,1.0410089,-.14197202,-.3187041
221,-.5753024562407493,-.6417671603999237,-.667420277697621,-1.312958524673775,-.4806825070838931,-.9013313948811453,.0543985093613547,.409709161523313,-.9547219068975924,-.8126753361568736,-1.072952699842687,-1.688819108729451,-.4716992276845733,-.8640395808956459,-.4470512495873481,-.7972372945613589,.1730574333837449,.1423305984392976,.1987861892204852,-.6298972094600062,-.3874737153022775,-.856526727703893,1.170491355106197,2.009856659267143,2085.715376751497,1.3533694,.30172464,.52316254,-.61810046,.24369776,.89824039,-.056022305,.24369776
222,3.435311704637166,1.150534446238613,3.261567885104731,.4583023325433598,-.7194192865489731,-.8268146665608892,3.872817425237602,-.0424201507788651,4.870532828913393,5.078361418883174,2.012374401767417,2.241620470734344,-.8438767528825428,-.7212516859118957,5.251497946842385,.4767682318172759,-1.259597588987064,-1.334064444509254,-.4801776320602984,-1.500922663647408,-.3874737153022775,-.856526727703893,-.5483516030516382,-.784558727709082,2326.236355142028,1.1007454,1.4040499,.031125629,-.93592495,-.30984586,1.3593839,-.53391677,-.30984586
223,2.623245200988332,.1983742177118905,2.3151692765465,-.0922246906457498,.3787698989903948,-.4542310249596082,1.523021169313757,-.2684848069299541,.8936762304270472,1.122336736666499,-.3422173336718731,-.8107421814024329,.3098735752311627,-.5070698434362705,1.072561869460581,-.7972372945613589,4.282515260710539,4.89447714292995,.8777500105012688,.6766409718210967,.391589750090008,-.3605630216105396,2.029912834185115,.6126489657790304,59.31344001181424,1.9223075,.47434378,-1.9273145,-1.9167937,-1.2253904,1.3006928,-2.2683856,-1.2253904
225,-.0317150823696929,.164768562587418,.0093981211500834,1.616802676993485,.1495825907039181,1.244750380742233,-.5330505546196064,-.6754011880019144,-.4618157369443551,-.2966721167373075,-.8780899355304701,2.425598493602862,.868139863028117,2.562869898714359,-.4470512495873481,-.7972372945613589,.9572475508919773,.5483392352501495,1.556713831782052,.4153333355648761,-.8860743331533404,-.1763479307758655,-.5483516030516382,-.225675650313837,194.8751762206666,.58007234,.19558081,.17330848,-.26428562,.060444124,.42095673,-.053685077,.060444131
226,.83506371142974,.374044668240337,.8172465226372305,.5759927761673422,.2475813860434504,-.5725746290474818,.2389010301968564,.0039984586174917,1.391644231418525,1.333869389782998,1.024456272401571,.9211600247825711,.4831428897399952,-.500840060462535,.3719639396121133,.249145911104293,-.6614012814006561,-.5376108352986334,-.672098072209,.088563297396171,-.1356111532016783,-.5917923228069519,-.1424500215251805,-.3560817017060608,2208.833271305775,1.0956275,1.0531036,-.12257329,-.47998616,-.29894462,1.1661435,-.35556677,-.29894462
231,2.650364305006289,2.963203116588951,3.046477292250587,1.190525033346265,-1.460588470070108,-.8742344027646887,1.856799046575667,1.673616102731674,3.65354342169414,3.330009601569529,3.322531245154482,1.509889697961829,-1.613607543632889,-.8543040426012993,2.410857514076655,1.200635008168773,.6323296175887411,.2325081365739394,1.356110884585457,.5934976330122992,-.9257357459369476,-.8146596616051034,-.020979331798666,1.692309456201663,1342.252416506875,2.424861,.56496942,-1.3206873,-1.1575963,-1.6362126,1.6226187,-1.4624206,-1.6362126
232,.9387872534196072,-.7224207326986578,.6288590285700162,.0197955905944689,-1.569322221444658,-.3826949657721623,-.086589265994076,-.4041236006206075,.9541692603758535,1.261657605909782,-.6442546183558095,-.2638256952387475,-2.168828742587314,-.7612322965073458,-.0519518386348866,-.4150356366477684,-.2733277104286334,-.0938926084324705,-.5616532906139925,.3108102810623878,-.3874737153022775,.0277057083025428,-.1358292930937577,-.225675650313837,887.0965840886347,.58563107,1.635577,-.782291,-.5248493,.024634436,1.2054776,-.77133584,.024634441
233,2.170546473390324,.3840896802418703,1.971024327979871,.5313699923716622,-2.727321252786857,-.681703142989864,.4254189708230143,-.3755680651067858,1.556976997409574,1.536497215411151,.9782342929174924,-.368402676658747,-2.82229412367175,-.8189486666902511,-.4470512495873481,-.6966579108998878,2.038286963894217,2.745448174164376,-.5873824459467379,1.350539612692403,-1.994804654427414,-.4836216855284393,2.256076381311146,.2449627306505797,3305.155314627569,1.3861403,1.3344396,-2.0299194,-1.4621688,-1.312228,1.4764931,-2.0606608,-1.312228
234,3.418738918848414,.1983742177118905,3.003459173679758,-.6906236288947816,-2.318955708965009,-.6777812099203768,3.774909247907442,.7488061457499465,2.723403679495882,3.164849480202282,-.0986388782816018,-1.019808116480294,-2.555893368793202,-.8640395808956459,2.59217498850851,1.113770995006593,2.397442862854211,2.726021923599264,.538268099860877,-.1943844823663054,-1.478162566851477,-.4314149796238758,5.181124924141145,-.0859548809650258,3841.424619902769,.23719254,1.1348442,-1.5839957,-1.3723512,-1.0786078,.74462157,-1.7445229,-1.0786078
235,1.362438651367143,.2620156964640968,1.240567220115646,.3057434823523973,-1.926955164045534,-.7895835979056403,.6698213382937899,.6496854888221614,1.018051738346483,1.124321364433498,.1911570276186186,.2103266558064103,-1.69440464453276,-.7981374755185304,.1605156806107524,.8638699109861689,1.205994247083832,1.38023105752693,.2629520009019659,.3372281959366432,-1.827571104223753,-.7094245672571569,1.596739224217133,.0752613913605257,1978.666270486778,1.5408205,1.9516381,-1.7554381,-1.3486685,-1.2064571,1.8954012,-1.8317149,-1.2064571
241,-.1725582649805615,.1647528956153319,-.1069533551671752,1.007577321030902,.1745247409501299,-.9013313948811453,-.5266420193761777,-.0475105577215678,-.3407200030737711,-.235966563161304,-.5957206175008902,.6517485964440537,-.2219290686761905,-.8640395808956459,-.4387624507561776,-.468713142217218,.4068064107179297,.0259741499495762,1.163136388714208,1.154438025508986,.6893844897377669,-.856526727703893,-.5483516030516382,.5875057410850252,2754.017786595388,1.3182983,.12119202,-.022997813,-1.4694848,-1.5665973,.78122956,-.88070524,-1.5665973
242,.458203100380111,.7792219621624098,.6080157258815314,.3565745130410241,-1.420921734066454,-.8986700831554219,-.4268376658194772,.0751536547640004,.2593729374508341,.1168215345386393,.6154229626690449,.4944265847265022,-1.180165731007851,-.8640395808956459,-.3656434039240662,-.1694767589629579,1.07486260371537,1.024913293617108,.7165971392300116,.1338054655507336,-1.44431040436717,-.8514658735600833,-.4217404030087619,.4026519761327516,3933.215177426813,1.6699257,1.7153009,-1.1671991,-1.4895935,-1.3830705,1.8372052,-1.5677577,-1.3830705
243,.4088908420307032,.8916464363908246,.5930504280189282,.2371606804748838,-1.23369809898,-.8827022128010813,-.4245356580786788,.5842813126622096,.3957912102722623,.356454180435421,.3488237656946002,.1542132567236074,-.92120697200701,-.858090085271323,-.354186003423308,.2502783604610742,.7600480328273402,.3734018017757767,1.31530447310444,.2708882810787985,-1.398380697154823,-.8270050785316696,-.4409239181667735,.8377546497298931,2953.946577402763,1.425271,.6336174,-.85860181,-1.2800144,-1.2512109,1.1173847,-1.2619847,-1.2512109
251,-.9246813329428779,-.8902830544685542,-1.030153302189917,2.390731970462233,-.5393940706264165,-.8930517584011169,-.5330505546196064,-.7624779444452967,-.8234738835290115,-.7392563595666205,-.7854699796536755,2.718290802711868,-.4143563200985158,-.8561069200632154,-.4470512495873481,-.7323573834957804,-1.045676780578479,-.9878634772622907,-.7039842250010011,1.518632244202252,-.5952239727402204,-.8486542879246335,-.5483516030516382,-.4999423457022442,3768.014917189255,1.5048939,-.010991872,.21207631,-.67391336,-.85328984,.81075943,-.27252734,-.85328984
252,-.8777557968854681,-.7019772924979371,-.9445286581580422,2.393524498840728,-.6227308908656156,-.8516535760009747,-.5330505546196064,-.4662913810621571,-.8870406619703012,-.7589250008006687,-.9816107790713353,2.967079265454523,-.5219431935862993,-.8402415983983542,-.4470512495873481,-.6180802674143634,-.6921907972323094,-.8150193122226541,-.0501672119158022,1.264583153397593,-.6263865113559117,-.7856747696905568,-.5483516030516382,-.0568463873506902,553.4894655153621,1.2955675,-.6809985,-.21375147,-.53149796,-.93487942,.33353433,-.43976727,-.93487942
261,1.753726373271824,.1050251756994667,1.577169553509172,-.7767930760026422,-.0111668408025691,-.8963636129931283,-.32744338222627,.6357738176744021,.3422685706056227,.5102995847438471,-.4288230066995251,-1.170335589736355,.0766423261071017,-.8545203878967293,-.4217243642698826,.1264167120631514,3.455596835517563,3.787180860718536,.8098536283731904,-.1943844823663052,-.1312483977954814,-.856526727703893,-.0040513329683237,1.124958453391338,1804.281817754265,1.0915631,-.46211994,.07297197,-.93700981,-1.4015789,.34160674,-.50986367,-1.4015789
262,-.2714680501136345,-.0443332915204114,-.2420188829416485,1.080637228322353,-1.141187596937281,-.7936961206407753,-.174053904409019,.2589993907559202,-.1581058746499363,-.1390044663591068,-.2068959695661668,1.405356730422898,-.695005742803355,-.8164436159010626,-.3626282985291298,-.1071509677729317,-.3170613900589004,-.4574548877585515,.1987861892204852,.5024358809836165,-1.512787609757801,-.6990779321187015,.3110698760272795,.6902716154172589,261.6419555966277,1.1306789,.79100049,-1.402958,-1.1114616,-.80350697,1.0429196,-1.4837441,-.80350697
263,1.195854836411416,.3114599143212266,1.120016690284255,.9220520112905135,-.5949730034119378,-.8628902255095846,1.049798312217983,-.2528755806719028,.9173257688843997,.9785929826853342,.2957262399693139,.7855260105206291,-.4227253914323327,-.8402415983983542,1.069747771091973,-.2770183712900831,1.092434171423959,1.229194627824192,.2171074351915542,.8594871881961503,-.7044577390518372,-.8070428205199757,.6516554251437393,-.1158950458254852,2619.667064490495,1.6160794,.17536929,-1.3757162,-1.3526859,-1.1358932,.97224176,-1.6100141,-1.1358932
264,-.439129399676506,.996508526918114,-.102687976681687,2.455757988418628,-.1237710217835985,-.8330243939209105,-.5085735102870663,-.3777493907363138,-.2486587126905878,-.5862072565227308,1.067831280309587,1.02485672858119,-.341437093865284,-.8402415983983542,-.4470512495873481,-.53181947656581,.2321230351832431,.035445748975835,.5250660255581951,3.400773079792196,.2072113966138337,-.7502487906838887,-.4767331464617284,-.0005699663629744,987.6445234813727,1.2893709,-1.0549359,.10701226,-.84197319,-.83500051,.12723081,-.43369609,-.83500051
265,-.4649750537042023,1.079322462760564,-.1313325810316276,2.439173789272869,-.8469729372917445,-.7700400164121225,-.4840964659545262,.4549220927535306,-.2121619625524557,-.5006162463174217,.977745915062074,2.223700533441956,-.5551733297646894,-.7168320605909702,-.4027292002817835,.0467913666644868,.0831125504003145,-.2201771129989629,.8179365310074856,2.121921064733479,-1.06785580841154,-.7529479128939205,-.5053805290976923,.8688037095851847,1089.701569043798,.32339424,.095645212,.44624463,-.23325595,-.37287599,.22741799,.12568337,-.37287599
311,-.7236463623144924,-.3824238959291292,-.729376462408085,1.279108156384448,.1997081556916053,-.0241943056131785,-.5022754952787336,-.3220799317954139,-.7021781177297958,-.7115857094107092,-.3564744942499604,1.295956506258771,.2099969710918884,-.1066601240575536,-.4466205202452143,-.6652700980733962,-.4997973441154453,-.487576488761529,-.2758155503160822,.9774998194793811,.1414164053796249,.0598415753457622,-.4592799091414983,.3092608457452615,4964.725033723284,.86668819,-.24072623,.41856593,.01318887,.08758954,.33971745,.25477597,.087589547
312,-.8517850289116313,1.561957267260422,-.3424517604398923,.5954641433179571,-.3818234829585158,-.522474786077666,-.5330505546196064,1.888831730746707,-.3268989095743838,-.753295590410517,1.433006722518299,.6292643788487973,-.4749182898908214,-.7858928582818038,-.4470512495873481,2.53107715725774,-.2402807861191711,-.7547989225770332,1.158535590792455,.4280204157790571,-.1679121252991137,-.2136316977749438,-.5483516030516382,.190224978573644,2279.629275201121,.4671104,1.5040374,-.14064711,1.4584761,.6342513,1.0697668,.77764308,.6342513
313,-1.077812996763971,-.7499853712471837,-1.129916264379947,-.4057002487256353,.5120361798132232,.3299688302202309,-.5330505546196064,-.6334177518595693,-.8470987253087768,-.8094503160355012,-.6171130190408936,-.5123752254841706,.0436337241699009,.3131956175685945,-.4470512495873481,-.5600675157667648,-1.260270829129156,-1.263540217011266,-.6551724740927861,-.2044945992452663,1.053051730468315,.3166636104002656,-.5483516030516382,-.4859887503506103,750.1071297439048,-.58704823,-.60819936,1.234544,2.0422971,1.0498252,-.64867598,1.9336447,1.0498252
314,-.2659437881840505,-.0256634831179266,-.2420188829416485,.8652136105527013,-.2976509761606652,.0052887996819716,-.5330505546196064,.0706121772966794,-.599978830037308,-.5331735923046087,-.5857957890621445,.8060343831996957,-.1243335374998018,.3258595439689391,-.4470512495873481,-.1602345313720415,.5752062115930947,.4037755539614371,.7645893736211383,.7347093354335904,-.474036322568087,-.3133283829349821,-.5483516030516382,.3797810168643451,274.8673928403296,.72310394,-.43472177,.88893729,.51208544,.79067999,.15650864,.8267352,.79067999
315,-.8517523068026408,.0948901368524036,-.7180177790642621,.4390395857692473,.0378310410781212,.2038817946815115,-.4857282689100289,.0420849706871372,-.5335645246702322,-.6432338027958852,.1186485692252753,.550973942404705,.2845300580391106,.6369331723263947,-.3858446100701398,-.0282839589971116,-.8104117661835849,-.9908904776810344,.0263509330221909,.2249520577210585,-.3147611251989976,-.2443883031537518,-.5483516030516382,.1280618530375185,336.7476387456991,.24283741,-.58219576,.94244689,1.0989461,1.6037346,-.18417405,1.204614,1.6037346
321,.3859191195068502,.2543836429193446,.393693313716153,-.7624315014846654,.9159276527868249,.0860152553622492,-.0190326236362654,-.7771302832699044,.3895676475203274,.1763308343972947,1.038060580206331,-.3926103112467102,1.426406150825071,.6233343251850852,-.2887582163531888,-.7972372945613589,.2484603292979981,.6959787395450047,-.9328201795808209,-.9783073911349669,.0020580173938652,-.4550322989616546,.5975437023869187,-.4352568043370539,1284.405861419626,.28085953,-.13652389,1.3273467,.78519285,.15224524,.078332767,1.2465972,.15224524
322,2.275216699424546,2.046685249557882,2.487241750829815,-.1640325632356336,.6652540343484908,-.9013313948811453,3.579092893247121,.409709161523313,2.63005023821686,2.283343980360523,2.824302586401654,.3182138680180189,1.31475289326568,-.8640395808956459,4.111788107556438,1.113770995006593,1.228697976183288,1.434176261019281,.1987861892204852,-.6298972094600062,-.3874737153022775,-.856526727703893,1.170491355106197,-.784558727709082,2845.316226672847,1.4755437,1.2110071,-2.4450042,-1.5757006,-.39721835,1.458025,-2.3725941,-.39721835
323,1.479722981564463,-.6417671603999237,1.110661956563297,-.4512640535951689,-.7671666424419891,-.6032644816001206,1.816745701304238,-.9466787753832212,1.733857201938247,2.02534237065074,-.0986388782816018,-.1835443761688486,-.4716992276845733,-.2928880009606452,1.832368428984545,-.7972372945613589,-.5809715257587861,-.2267681622978404,-1.159141453341082,-.6298972094600062,-1.010724487616106,-.856526727703893,1.170491355106197,-.784558727709082,71.51241752039641,1.9223075,.47434378,-1.9273145,-1.9167937,-1.2253904,1.3006928,-2.2683856,-1.2253904
324,-.2703631977277177,-.3729219194041432,-.334746827416546,-.3076483084154013,-.1369015446541779,1.140426961093874,-.4743056482215102,-.9466787753832212,-.5514350405722165,-.3740725996502425,-.9755213176865785,-.2337202005875354,.1982203176717718,1.506239475834607,-.3710705936349517,-.7972372945613589,.2333797501151473,.0500559082550132,.6061644819889555,-.3163280459525414,-.5744489469964261,.673875565384169,-.5483516030516382,-.784558727709082,81.2787130381912,.28800148,-.29388598,1.4617586,.10261181,.1858062,-.0031935947,.92312574,.1858062
325,.6453083273823126,.2324890494291581,.6125208340421056,-.2095834157471961,.3394868470965954,-.3709454089127763,.066859550112466,-.5938809029050066,.7505908649757458,.6776748714469869,.7147655394156075,.0280556914554114,.5987058909984354,-.1651000464600362,-.0072844227113565,-.5800772616559098,.0947983671697092,.3422590938385809,-.5264706198748973,-.4105571632691785,-.0969381280064878,-.541557568899153,.212106190557586,-.375275665980241,2332.391171277501,.74177945,.28545651,.55091149,-.15404589,.067578599,.55749393,.23418805,.067578606
331,-.4041818664695907,-.6682160556367772,-.5076955967077849,1.020512382622093,1.305390708493548,-.87649248544106,-.5330505546196064,-.460460348264609,-.5457449260561618,-.4175677122924539,-.8097204272846822,.7046539972214626,.8335805214025913,-.8402415983983542,-.4470512495873481,-.6032295085503268,-.2328315678372245,-.2291482634335463,-.2215247477628572,1.122868694581389,1.676632265095537,-.8329094083661143,-.5483516030516382,-.0665492185554686,3371.548905608244,.35338491,-.47435689,1.1979913,-.60362345,-.96149194,-.065653019,.35073295,-.96149194
332,.3642363914332334,.7500670560053151,.5161754568692069,.7137189460193213,-.3321683355249913,-.8007338116487995,-.4277992639896842,1.737839016410961,.1459151657820795,.0989303514843599,.2707884457269764,.3328484834734692,-.2111749600459947,-.8069244229021458,-.3204168230000207,1.145621133166059,1.062497426438956,.801710155381164,1.138019475325569,.9519213080715735,-.4279417341990435,-.7219080074785542,-.5268660660746652,1.905066082255535,4019.408045153366,-.15000774,-.44051769,.096540742,-1.0213511,-1.1443974,-.32048559,-.54572511,-1.1443974
333,.1559392327523315,1.761643343610336,.5805907269214076,-.3543067314485525,-.9640929065615974,-.8190726688133301,-.4084401471084934,1.239787262594108,.2588243344355253,.0346719419087342,1.004458703820602,-.4147980495418421,-.7713567358273734,-.7898640510339575,-.4470512495873481,1.214698705537888,1.003863877067345,.3597198264593107,2.159257482702228,-.2126177809551634,-1.020967104926058,-.7737127508051884,-.1837485513211883,.7779751286448675,1768.698154593352,.42956412,.44772017,-.24202344,-.97826129,-1.0603681,.47611323,-.72008282,-1.0603681
334,-.1807260432876866,.0111079221269673,-.1354918898044177,.8453363588647765,-.6995937539933947,-.8883719638689268,-.5194285473388884,.5478051797373478,-.2516487287083652,-.3396723850222714,.1982444274911782,.9535925141894326,-.8183097750645955,-.8516232422014067,-.4448489117336555,.6484820201552658,.1519118386599652,.2257790139103026,-.2538563583000373,.5448510335353507,-.3800218038941774,-.8442046480493997,-.5134765285382907,.1803245562722014,4879.006918165018,.7118417,.80939513,-.16758399,-.53617013,-1.0508628,.82559443,-.41528118,-1.0508628
335,.0332295219399778,-.4194797541078394,-.0624779852953429,-.054076758332374,.4429304084716351,-.7464763188406129,-.4840964659545262,-.3355977517248087,-.2773259986166875,-.1643119159226533,-.6974359144493522,-.3756237040216338,.4378095995179646,-.7264574945831783,-.4470512495873481,-.3891573993932025,.3957316103805237,.4451069256064811,.1245245212678996,.2928453810697727,.3526365768203937,-.6985859046324978,-.4051146898718186,-.1223404979829454,1655.251233276562,.79841214,.053700622,1.0712351,-.30097342,-.045459095,.46245232,.45452687,-.045459088
341,1.175872791831836,.4907434172948019,1.174697498778731,-.9005761706575849,.3151294946358464,-.7395236419571606,1.150410620160119,.0231385995049508,.387967302812687,.4845199000910996,-.2545290897313753,-1.17810089589639,.2014104107448972,-.8232430394717174,.6470701961271607,-.673021755739442,2.305128174570619,2.233802361959095,1.34623504718501,-.4115186848744505,.4044999446593659,-.5893136289107392,1.90222735729339,1.031811273825464,2890.735382207669,.48627296,.20740093,-.88316846,-1.1473043,-.87794375,.37646556,-1.1981699,-.87794375
342,.0945695453405949,.0384673087446086,.0960079332060185,-.5671140880401815,-.7551104350790024,-.6964103920004409,-.0692105645179726,.393319473952359,.2116359884425111,.1886934115292218,.1688914585553797,.0384836468838402,-.7426444660286952,-.8307224053994375,-.0481528058372668,.6368151760685921,-.1749269312605332,-.1416447606028379,-.1576698169519261,-1.071942627460113,-.6063905490775098,-.4999052057034341,-.093574403705711,-.1208850733022286,1035.307314970763,.55170351,1.251884,-1.2835643,-.56117356,-.1861892,.97882962,-1.0885689,-.1861892
343,-.5936766317891479,.4146497427656748,-.418234708621127,1.588235632028379,.3101979490190391,.1717702402634136,-.4561607088358664,.0945701163996481,-.4024652719398986,-.5253447391114223,.2740096825464493,1.24208078003872,.3700490174846388,.2459940320554736,-.4233072946022242,-.0676267927018554,-.2869412115279348,-.5254071731931742,.4558576360459991,1.596069878557772,.1584352492153601,.0825184259656136,-.377090076423593,.293721122700222,1165.688902525115,.30187795,.36686456,-.449754,-.22828421,.039313398,.36293501,-.40010637,.039313406
351,-.9365891864355367,-.8770067462712315,-1.040243971978136,1.358294335669904,-.566627747691322,-.8044596480648123,-.5036781014205582,-.8788593785378944,-.7418760607814217,-.6578743703310037,-.7319428622963072,2.651389703486953,-.293054015589548,-.7212516859118957,-.4090609216111498,-.7016868800829613,-1.236976720212788,-1.195652409232828,-.7517631605726118,-.2901972823269195,-.8237492559219575,-.8140155528958913,-.5483516030516382,-.784558727709082,1555.827147239354,.91146588,-.43830332,.18528692,-.40764818,-.67055613,.25679129,-.13121407,-.67055613
352,-.9280660394584642,-.7977934163349748,-1.012589467182603,.9130855256126237,.4401593565671297,.62892284740983,-.5225603927628034,-.8497939227470402,-.7546788184425448,-.6422099868843384,-.8467727055517208,1.393410105561306,.1583441542577036,.6658307225016777,-.4334832753101344,-.7972372945613589,-1.138414363410586,-1.205538983181144,-.4316802162545282,.2100201927921314,.7366035704780202,.5352081618437824,-.5483516030516382,-.5849576286393516,460.144761608215,.65350598,-.0057777311,-.16429164,-.62866902,.12670679,.35153028,-.46792141,.12670679
411,-.7078847425507629,.2543836429193448,-.4953478034143062,.6019180777231269,.8562434579205549,-.7026201193604622,-.337234199959286,-.0424201507788651,-.2825771296886325,-.4686731898771629,.5509036694257885,-.3507971242311378,1.910236933582432,-.6736557209173124,-.1937823964126933,-.1602345313720415,-.7317773175872923,-.9649656837721166,-.2538563583000373,1.460563880589759,-.8029742301781631,-.6675881730016632,-.5483516030516382,.1469130679496596,3352.903954572044,-1.2760586,-1.4491442,2.0436637,-.14771695,-.71349198,-1.4790019,1.1187871,-.71349198
412,-.3101378836207218,1.37457214706843,.0782271108634093,.9848933982025074,3.530095387929451,-.9013313948811453,-.5330505546196064,.409709161523313,-.0585288706189792,-.5546737264470906,1.849988764840569,.8199721122048864,3.101205014215934,-.8640395808956459,-.4470512495873481,1.113770995006593,.3238632252122511,.3268799788078667,.1987861892204852,.9379486080773173,3.352030918580693,-.856526727703893,-.5483516030516382,-.784558727709082,2606.718400090351,-.8325758,-1.4083222,.80932814,-.6580711,-.78193766,-1.2161636,.089255884,-.78193766
413,-1.006194886748294,-1.313880262889375,-1.212316446261451,1.990203614460881,-.0509563040467491,-.8268146665608892,-.5330505546196064,-.9466787753832212,-.8426977773627657,-.6836745313019821,-1.072952699842687,1.321730356391754,-.2483927125657917,-.8640395808956459,-.4470512495873481,-.7972372945613589,-1.485806276729823,-1.334064444509254,-1.159141453341082,2.24448678935842,.2357770570115509,-.7148228116772206,-.5483516030516382,-.784558727709082,423.9485095641576,-.57453448,-.76853091,2.0871739,.60324121,-.82422453,-.72889853,1.5875981,-.82422453
421,.1000385646508831,-.9218142864371951,-.1547876980619127,-.4273280960652077,.9039908138135707,-.8206049392008677,-.2270875004628558,-.3250009709677264,-.0678642147468814,.0957053313629875,-.6466904029097122,-.52850316904732,.8216176723783708,-.780746642155125,-.1621237897658614,-.1204218586727091,-.2699345801124921,.0731245808010842,-.9611103388008534,-.2270479368983327,.8200746560557651,-.7856747696905568,-.2976870049869538,-.4934737915657252,1462.774375337409,-.95199412,-.10918052,1.9744051,.048777476,-.41579914,-.57591283,1.1938682,-.41579914
422,1.111438852925537,-.5190798480407381,.8329788631431335,-.4307475185694879,-.0244299952172958,-.7814738001226381,.4677885914220309,-.6775541847271629,.6906695406615544,.8786685497183707,-.3589714073230557,-.5339787054422163,.0280820204384144,-.7348505330532054,.363007066518889,-.5394028427942542,.7954305425172624,1.208615907235474,-.5484332543054566,-.227566404430587,-.0923364448150413,-.7568091571666049,.5475244628638071,-.6071355285359883,3659.901621258236,-.35864028,-.064349078,1.2371866,-.25207114,-.67036748,-.22956166,.58131081,-.67036748
431,-.5610972112789619,-.6897752391491702,-.667420277697621,-.266615238364039,1.98853789766922,-.9013313948811453,-.5330505546196064,-.8497939227470402,-.7306736478279391,-.603816890201335,-.8873691147834327,-.6016762463245716,1.601861269846971,-.8640395808956459,-.4470512495873481,-.7972372945613589,-.2793599421017738,-.2663144580911052,-.1568615266884966,.1415824785345498,2.090690069850326,-.856526727703893,-.5483516030516382,-.5849576286393516,3000.975488329772,-.53989512,-1.0184414,2.1381669,-.20689815,-.94299728,-.84572887,1.1396303,-.94299728
432,-.8404670288607767,.3626685316537561,-.639697490174198,-.0922246906457498,-.3119751829285699,-.6463185912962686,-.5134689191535743,.3192832990628772,-.4779970000993857,-.6937079272351403,.5509036694257885,-.2811084792051841,-.2657609970750301,-.5070698434362705,-.4470512495873481,.8271197515714005,-.7166967384044417,-.8511602325448322,-.0350791269984513,.1249915175024089,-.3078361166177328,-.725844227368184,-.4910568377797104,-.5516907787943967,4635.220212446759,-.60528362,-.50544655,1.1633867,.45684946,.12116809,-.60280728,.95609182,.1211681
441,-.5918752420295009,-.1936917587402894,-.5383659219851349,.2428787147737081,.5697593225624588,-.8019757571208037,-.5330505546196064,-.7206141192321323,-.5252960770140902,-.5116734581621267,-.3422173336718731,-.0581048151221317,.5331800903499444,-.7212516859118957,-.4470512495873481,-.7972372945613589,-.3547628380160268,-.5497295779428361,.0856255523403545,.5024358809836165,.4954648788089795,-.8092920890283356,-.5483516030516382,-.3188228298797112,2655.461179355509,-.9049179,-1.0169163,1.7543269,-.15260944,-.52302289,-1.0430037,.94516402,-.52302289
511,1.112359563247134,.683789236176494,1.132171015848712,-.7105702601697493,.0763699783346269,-.4542310249596082,1.13954747477063,.3343542761396168,.9776943275781672,1.068586401310294,.2261323955720933,-.5250187367960222,.1237848126321778,-.3642819484525203,1.11477334498969,.1317250684230623,1.002489288440529,.8036325447600033,1.066351071968153,-.7460339366849932,-.0065982433327158,-.502266937637212,.8123990721566481,.4962149913216877,477.192455411423,-1.453018,-.95686734,-.44008288,-.5122841,-.1639287,-1.3078752,-.56198615,-.1639287
512,-.5885606848717506,-.7761897808978139,-.7133062708398381,-.4512640535951689,.72255086142011,3.033151860428381,-.5330505546196064,-.9466787753832212,-.5962446923861471,-.6062740483890472,-.2935016425938188,-.7856542691930896,1.225430287218168,1.991718318779358,-.4470512495873481,-.7972372945613589,-.6714550008558898,-.3374977905189818,-1.159141453341082,-.0027588824450767,-.1381734063767462,3.791361717970962,-.5483516030516382,-.784558727709082,2198.912290373351,-.44885814,-.043003108,-.75741649,.84299433,.27156335,-.26693931,.050498985,.27156335
513,.9121050682997169,-.7817907234185594,.5836900040706462,-.7684154908671559,.4921698692363079,.2847265308829324,1.057957326995496,-.7206141192321323,.9403529510665585,1.251337541521391,-.6263921982938563,-.4866899820317476,1.231012950096137,.7304252464228981,1.420806542575731,-.4787359129667003,-.3641882000053085,-.1460278083865914,-.7064989058205597,-.8912048457162268,-.647161537099706,-.1834331265771991,-.1186408635121794,-.784558727709082,3758.078137001488,-1.1368806,.30318317,.80468482,.13900523,.13602401,-.45245811,.55686593,.13602401
514,.5151868486591137,-.3953256894871248,.3392036968597698,-.6762620543768049,.4002562091422521,.2660973488028684,.0446076916283387,-.5058526958885976,-.1182750730375534,.045180016128155,-.6751078893719106,-.5765883341152281,.3954744060266955,.2735039824748973,-.257099609706357,-.7972372945613589,1.130674211494759,1.337287836325782,.1422058707804198,-.6298972094600062,.318877159986728,.2345934257014845,.7121332329307745,.1236262730581911,2066.823957691668,-.042133015,-.1611957,-.54776359,.35378811,.38886288,-.11034906,-.11446378,.38886288
515,.2864824047743399,-.2497011839477438,.1786027208620097,-.8821112891344718,-.2419457276188131,.2288389846427402,.6908016620073958,.8618384738254909,.0908366354274564,.1763308343972947,-.2610245152084493,-.6853026203557161,.0865670601123809,-.3642819484525203,.1228036700556252,.6360189226146054,.2861617772551245,.4191546689921511,-.1406957214199066,-.8912048457162268,-.6471615370997061,.7966856259406183,1.743439007825476,.8455169146937159,1888.825893517875,-.038439453,1.2948244,.26412937,.66648984,.21917987,.68185586,.54915291,.21917987
516,.3946198320459449,-.3155122585665026,.305506170645954,-.9934134916487918,-.6119877357896871,.2387745484187745,.4705082630145355,-.4888978466772659,.2392686070611016,.3789695986901869,-.3807839224419995,-1.019808116480294,-.4326205875387866,.2794534780992202,.37607252323028,-.2119910058811735,.3200930804165385,.2853563682249388,-.1067475303558676,-.745308082139837,-.727664761856909,.1767309933239265,.5259252457970089,-.6972332468660749,791.1889152998338,-.30564687,-.15273224,-.75430661,-.78375798,-.045656733,-.24876811,-.90760285,-.045656726
521,-.1112644541557012,-.6417671603999237,-.26591783770322,-1.60019001503331,.0922857636322988,.4399697148834661,.0543985093613547,.409709161523313,-.5066253887582858,-.2966721167373075,-1.072952699842687,-1.187060864542584,.868139863028117,-.2928880009606452,.3127553099366163,-.7972372945613589,.3238632252122511,.3268799788078667,.1987861892204852,-1.675127754484889,-1.010724487616106,1.127328096669521,-.5483516030516382,2.009856659267143,297.2411509336671,-1.5877171,1.3847009,-3.944227,-1.8667982,-.94559813,-.11017943,-3.4290516,-.94559813
522,.307665664805075,.3411350834662288,.3481954539745749,.1753901127155465,.094439779687623,-.6850647999065673,-.3629995097830124,.6102778038227755,.5316333356020875,.4433851321670701,.647358295871059,.7174826462870173,-.5618053653640818,-.6303541287041952,-.3023261906304025,1.29816653171929,-.1580349817585395,-.094947176320291,-.2130164292004413,-.4281860516481869,.9894575022281479,-.6771771598004604,-.3781904580711006,-.6409860073255917,12892.66057424519,-.093795285,.92496216,-.20547007,-.53866845,-.45482138,.45108473,-.43911177,-.45482138
523,.6842292637043811,-.8658048612297408,.3650145680022671,-.8342393740745493,1.429211728636747,-.5039088438397791,.0543985093613547,-.9466787753832212,.6136159065899807,.8213348586717523,-.4234101521352969,-.1835443761688486,1.761365923503244,-.4832718609389788,.0594864567619615,-.7972372945613589,-.2793599421017738,.1423305984392976,-1.159141453341082,-1.326717572809928,.6512775718874366,-.4786496182994333,.0245960496676402,-.784558727709082,1447.68788836617,-1.40325,.10083196,2.2076185,.71678782,-.27387214,-.70683867,1.7256749,-.27387214
524,.3790137920948703,.1890393135106481,.3709893066926601,-.7424848702096978,-.0410089382357041,-.5442720716799178,-.2148489782965858,.0329347346048312,.4409120402237896,.4182073435002162,.347921623267229,.0150682621551199,-.1367394550064008,-.5070698434362705,-.1304651831190296,.1980795229219494,.0850873881504497,.1577097134700119,-.1029755091265297,-1.366639572793517,.1016050157495462,-.5317885868094354,-.3334962332819087,-.2217945178319256,1552.735930416733,-1.1341468,-.58427244,-.72316372,-.19662285,-.13825236,-.93260783,-.54276061,-.13825236
531,1.88244167623113,-.2048936437817804,1.570955825271164,-1.219608290306926,-1.261351775934705,-.4244243336315057,3.35879949425426,-.2006654100846273,1.476201704008146,1.754440680455468,-.1960702604377103,-1.23723668896127,-.8401549776305631,-.6070213699248956,3.200020236127681,.253817264701015,1.149524935473323,1.475699871602209,-.1406957214199066,-.9304009911546598,-1.571650182698552,-.2046887139812,2.588536795586411,-.784558727709082,2862.835107094143,-1.0858579,-.73995382,-1.9508276,-1.1721228,-1.0667717,-.99089098,-1.8428347,-1.0667717
532,.568219763183119,.2823883555230719,.558596101570996,-1.001791076784278,.2474646702846008,.3716627139232311,1.767791612639158,-.6075817911565876,.8376641656596339,.638583718460656,1.241042626364891,-.7062092138635022,.7192688529489291,.5400413864445642,1.57909957580989,-.3194852221693709,-.2228077701660839,.211536616077511,-1.159141453341082,-1.087185572908392,-.4653800618415061,.1708266634894819,1.600202094645656,-.784558727709082,5388.642299712403,-.20679294,-.16425103,1.4405973,.91589558,.37075227,-.20137024,1.3905526,.37075227
541,-.0741155862707851,.0802452481834417,-.0202489977956998,-.4202405657836087,.8117826083422528,-.0568729905661382,-.2889158786794667,-.3521580887521105,-.3160873779607386,-.392780508579415,-.0438073645140948,-1.010250816591021,.5327934124016869,-.2658139325611289,-.3237060288854058,-.416690189279429,.5850314374243459,.6365394585951277,.2231818589894484,.287620642347009,1.022529979984332,.1556441010580527,-.1130602045571215,-.1161974717331667,3543.941120894859,.026029507,.61856312,1.1585186,-.5073626,.91823083,.34982854,.38424328,.91823083
611,-.5575459000385152,.2103762373992021,-.4338933483131225,-.9496448835940053,-.440608833387969,1.380299857972413,-.5330505546196064,1.9194981151038,-.7266727860588381,-.7297462473215862,-.3944127169697884,-.7614623538483657,.0440324858040415,1.884627397541545,-.4470512495873481,.5336434785306078,.3265561857806175,.013805137111187,.9747448421128092,-.9347561184255968,-1.0199990526803,.7545118414088705,-.5483516030516382,3.17419640384057,3013.170339148899,-.47792739,.46872234,-1.6751263,.14976458,.7661075,-.0049956962,-.90010697,.7661075
612,-.6194965516774205,-1.239201029279436,-.8586119157901929,-.9459405092143686,-.1146194452374371,2.029659919048932,-.5330505546196064,-.7959690046158286,-.9298276558898532,-.7983419133952191,-1.018824154200405,-.8525553684180053,.1734084826585738,3.181617443643943,-.4470512495873481,-.6910701673631393,-.3798971366541111,-.0114605518678432,-1.083701028754328,-.8331364821037333,-.491348844021249,.7022163485895034,-.5483516030516382,-.6293134284326251,1048.585219811881,-1.8653691,-1.459846,-2.8715441,-.17654519,.29068872,-1.8046361,-1.7986596,.29068872
613,-.3101378836207218,-.9778237116446493,-.524026549128192,-1.312958524673775,-.7671666424419891,-.1561641116785835,-.5330505546196064,-.2684848069299541,-.3946012592234591,-.2966721167373075,-.5857957890621445,-1.688819108729451,-.4716992276845733,-.5784637909281456,-.4470512495873481,.1582668502226172,-.5809715257587861,-.2267681622978404,-1.159141453341082,-.6298972094600062,-1.010724487616106,.2771046005094862,-.5483516030516382,-.784558727709082,2966.425248707412,-1.0752711,-.014716838,-.093041442,.60949218,1.0840285,-.59155023,.30475456,1.0840285
621,-.1112644541557012,.0303459420895276,-.0938453634199053,.1231989271239016,-.7671666424419891,.1419028016024413,.0543985093613547,-.9466787753832212,-.5066253887582858,-.2966721167373075,-1.072952699842687,.3182138680180189,-1.3649252881597,-.5784637909281456,.3127553099366163,-.7972372945613589,.7762806006977697,.3268799788078667,1.556713831782052,-.107281936947565,.2357770570115509,.8439202646161759,-.5483516030516382,-.784558727709082,205.8941505912226,.91204512,.092460096,-1.1617653,.086688757,1.391268,.54515761,-.63439637,1.391268
622,-.2494427460567222,.3838599765157973,-.1228965603768287,-.040933353081547,-.2072203778784379,1.677721604774475,-.1554047277747028,.409709161523313,-.5968266359161981,-.4843096510716952,-.7566170434916853,.1715961992621159,.4273270020144178,2.711220958437735,-.3385074553696389,-.6979641366617251,.8820405066554236,.3448555678048051,1.830062902687303,-.2532069805711686,-1.047148234050031,.4997821828371142,.3110698760272795,1.864692223580066,113.5631622513756,-1.5626189,-1.3349589,-1.4228178,1.0535864,1.658828,-1.572552,-.21788131,1.658828
711,-.8458531842421211,-.5787565570415376,-.8853787451231528,.4606959282963558,1.14690548691929,2.403485506122217,-.5330505546196064,-.6075817911565876,-.8581010951738044,-.8126753361568736,-.652779864294469,.2147262301544776,.9518798061976602,1.661521311629436,-.4470512495873481,-.7972372945613589,-.5951095687427086,-.6108615601899247,-.2595143901440438,.6145804082102441,1.166757898155332,2.92165393335726,-.5483516030516382,-.0859548809650258,4677.25348653039,-.2084512,.30621314,-.67255425,.59192091,1.1714514,.053056635,-.047581259,1.1714514
712,-.5039380113136754,-.7720748027193072,-.6390341722461218,.0821658570725393,1.318613261415169,2.172863835718811,-.5330505546196064,-.7390683768771191,-.9501494934471914,-.8126753361568736,-1.053068744300624,-.2193842507536249,.8476321218437392,2.339945940219319,-.4470512495873481,-.7972372945613589,.2384579043297809,.34100365587689,-.0921983056141364,.3780036732425588,1.685789057904948,1.809820426920433,-.5483516030516382,-.3568420868453741,2846.300377607811,-.5666126,-.70735395,-.27764311,.87114143,1.5474933,-.69139773,.35021988,1.5474933
713,-.6128674373619198,-1.089842562059558,-.8146378390289012,-.3938177555232618,.9835697403019309,1.302707836102432,-.5330505546196064,-.9466787753832212,-.8651026032697311,-.7094746922729604,-1.072952699842687,-.2560205669958405,.6845322839304518,1.106433369880107,-.4470512495873481,-.7972372945613589,-.3949777158369618,-.1837066402118408,-.7064989058205597,-.4498852822612764,1.184503232644823,1.379246169605827,-.5483516030516382,-.784558727709082,1389.216092387214,-.97502291,-.76414335,.12605806,1.2131783,1.2389641,-.94386744,.79027551,1.2389641
721,-1.020944666100283,-.8058747762577647,-1.095020376291658,-.6075658562658159,.3233829661544963,1.44470360173492,-.5330505546196064,-.5849753255414788,-.860995051853454,-.8094503160355012,-.6775436739258133,-.4963070150453294,.3154562381091321,1.322281071130543,-.4470512495873481,-.5105860511261661,-1.140461013442544,-1.105223212852229,-.6838667784445336,-.5885235003861047,.2633039661220783,1.435061767640778,-.5483516030516382,-.4585435992285224,2125.673753970303,-.53912777,-.46941698,.65533864,1.7253982,1.4677914,-.54734993,1.4048588,1.4677914
722,-.8615034182886323,-1.181623340166173,-1.05326412253224,-.4594022791553558,.4336156951261724,1.091146564764745,-.5095525920603678,-.9466787753832212,-.9043110486069205,-.7546249739721724,-1.072952699842687,-.5430820335867497,.0858227050619851,1.187759008734185,-.4470512495873481,-.7972372945613589,-.9432070377308581,-.7790014248207217,-.8919314694548004,-.2702217652442218,.8235717853893038,.8962247545095765,-.4795978847253248,-.784558727709082,2543.078307635617,-.60052013,-.93215966,.87366712,2.1764207,1.2513742,-.83180463,1.7998389,1.2513742
723,-.5187182304762969,-.6097617745670926,-.6102676344535201,-.50802646716622,.5469088022422298,.5945032157571402,-.3861882886243661,-.7286878569518139,-.7074686495671535,-.5629666353306193,-.9407243954879684,-.3083866059724858,.2200192870047956,.8075987039498297,-.4470512495873481,-.6197865248157634,-.1759502562765123,-.2359956313162688,.0791592302329185,-.6031442847956789,.8827707158897156,.3290627030525995,-.1186408635121794,-.5949376835928382,3706.43184893392,-.28722259,-.43668947,-.031783074,.92568874,1.5594997,-.39287621,.52748847,1.5594997
731,-.7466152822329006,-.7045469556874,-.8317190260365124,-.1539671862230343,-.021853153788149,1.128962849044604,-.5104563598511078,-.6452592338484359,-.8291563990673472,-.7271473300076597,-.8498955062618525,-.284569937177902,-.2094026861164806,.8896886677509271,-.4470512495873481,-.7482370820083345,-.5124736569429077,-.5181263415610392,-.2389340765136465,.0162569113533002,.244680639473177,1.26394520545421,-.482242258507106,-.2352292071923884,673.0035535336938,-1.1299348,-1.6665999,.52735978,1.2530781,.81337482,-1.5177145,1.0506259,.81337482
732,-.893973451550175,-1.193860066016259,-1.084491179650988,.3417000251474054,.8003108410173073,.775294992324619,-.5330505546196064,-.8619045293265628,-.8807059641692248,-.7412641763264872,-1.020757316544772,-.0643767931744674,.1790797592330191,.681129425535651,-.4470512495873481,-.7972372945613589,-1.072975421599287,-.8980665333885101,-.9894004980208861,.6887731120758501,1.491182184100834,.798372577321888,-.5483516030516382,-.609907766023068,535.8160243267193,-.0034266044,-.17778759,1.2923666,1.9474738,.58307773,-.098347232,1.9118108,.58307773
741,-.7321914950409322,-.8844746696322255,-.8653036231234329,-.0299912010678507,.657296141699655,.5699600076199129,-.500414495509553,-.7206141192321323,-.8402083522619918,-.7410082223486005,-.8456128081451005,-.2197824715823449,.575360209872381,.4400898599559394,-.4470512495873481,-.5849030401649198,-.5784580958949777,-.4482274187401232,-.6084263538577799,.1743496265730284,.62704004185301,.6471092701346866,-.4528603275984251,-.6293134284326251,2866.666288191453,.16514309,.16627115,.15995918,.9537124,1.7219735,.17986268,.65717101,1.7219735
742,-.5468919663171748,-.5777563887342617,-.6264506409634985,-.1777102532527543,.0240752552137046,.3902918960032952,-.3931817298622347,-.6237292665959513,-.709335718392734,-.5301021445699683,-1.072952699842687,.2465341188484667,.1237848126321778,.9310082417572136,-.4470512495873481,-.7972372945613589,-.2147288884609852,-.3849533454708994,.3281126313692057,-.5801243263635835,-.1203662414534939,-.1817461751959292,-.1391032796807251,-.1192217308099809,819.7803681001533,-.082942039,-.97182763,.23233396,.19301467,1.3966324,-.57243675,.25099573,1.3966324
751,-.8971827846711714,.398763494565227,-.6795290814434838,-.5938159784402716,1.224959150649956,1.303811787633103,-.5330505546196064,-.600046302618218,-.8555598070500976,-.7180747459299531,-.9989770207982342,-.5719424244468313,1.496706350029132,1.875372626570377,-.4470512495873481,-.7335370182424272,-.0590159240412342,-.9567634890890688,2.197957440769459,-.4847263004287723,.5762566455904015,.6182436576107347,-.5483516030516382,-.1635775306032543,1609.002319257357,-.8896572,-.73065966,.62408829,1.8913572,.75662905,-.8793664,1.4843496,.75662905
752,-.904390631188819,-.9498189990409222,-1.031025803712958,-.1623228519834937,.8732960850252034,1.571914302224501,-.5330505546196064,-.5510656271188155,-.9187141509756838,-.8034609929529528,-.9511634721475515,-.9570883359569359,.0839086492181097,1.386569620991083,-.4470512495873481,-.5583612583653649,-.8556535037321367,-.7935984020013023,-.5933382689404291,.701527413369308,1.782774509719089,1.613170094475255,-.5483516030516382,-.3188228298797112,1051.277361665387,-1.2974256,-2.0773118,.83842611,1.9275621,1.1690048,-1.8315125,1.6321934,1.1690048
753,-.896442458412581,-.6437674970144757,-.9457943272928644,-.4730506598367257,-.1224311725110905,.2025300172970171,-.5330505546196064,-.7529090701108592,-.789086229656813,-.7517070986242642,-.5828960455455936,-.1899443537732728,-.129333881800931,.2430279946849983,-.4470512495873481,-.7972372945613589,-.8933164808240008,-.8825304886125848,-.4882605346945935,-.6628717445113864,-.0858648594146927,.143955937916397,-.5483516030516382,-.3853565295696213,1020.188501500059,-.93917888,-1.4866834,.11943501,1.1755116,.61369556,-1.3165461,.76414043,.61369556
754,-.9402351993090619,-.8042963288201002,-1.02478352087965,-.3672270827036139,.6155533775325788,.0386858424655047,-.4547240127554782,-.4875620100727368,-.9003392840143218,-.7798387676483557,-.9604637404442709,-.084713206859314,.6042998319832291,.1321006973818987,-.4470512495873481,-.7816017721921666,-.876345233481074,-.9440780493576738,-.286364323076511,-.5799320220425288,.4958426065497756,-.0575313442165315,-.3191725419639268,.1384451425345801,671.9198433852289,-.34742466,-.24687907,.51950103,1.00307,1.6902148,-.32253611,.89846021,1.6902148
811,-1.048289762651723,-.9397373025035805,-1.152951442633707,-.9697168936941302,.1659758495605203,.691505071146731,-.5330505546196064,-.5111275378654563,-.8628621206790345,-.8069419670522118,-.6951354512595551,-.854506650478732,-.0427026003063805,.7201127873407382,-.4470512495873481,-.4638725151589495,-1.289004718393623,-1.186732522515014,-.9298025625973507,-.8743650202686036,.4206747861313201,.6003469778458846,-.5483516030516382,-.3747111376192356,294.1816058228724,-.80293262,-.88025552,.36403647,2.4121885,1.6789854,-.91348743,1.638234,1.6789854
812,-.9555295130512529,-1.302678377847884,-1.165611060384551,-.0142618575481619,.7027698139787179,1.201104868440369,-.5330505546196064,-.9466787753832212,-.9547219068975924,-.8126753361568736,-1.072952699842687,-.4642900604162625,.253515264272613,1.311096019356815,-.4470512495873481,-.7972372945613589,-1.136798587069566,-.9161919189604232,-1.136509325965056,.4576402861968355,1.175105006713107,.9829250584328166,-.5483516030516382,-.784558727709082,555.9301294609904,-.92711037,-.7505725,1.1883482,2.4474978,1.3115754,-.91049963,2.1454914,1.3115754
813,-1.029624316750202,-1.040795347406648,-1.162674016296599,-.8946343689553421,.2490813479191974,.4537947108612499,-.5330505546196064,-.6673484210295564,-.8603639202393153,-.7557139418053631,-.877728409066069,-.7579132753586395,.316295191157584,.4546953750025147,-.4470512495873481,-.4994178208624573,-1.319612138796368,-1.244700087781617,-.8794940167467704,-.838361557493726,.100488855971258,.4117101756591269,-.5483516030516382,-.6445787361536867,446.4286626880057,-.58741838,-.65159249,.37758258,1.6218504,.90218711,-.67242676,1.1798536,.90218711
814,-1.099002487165303,-1.313880262889375,-1.292616934260331,-.1754306382499011,.7925803167298668,1.157814197701934,-.5330505546196064,-.9466787753832212,-.9547219068975924,-.8126753361568736,-1.072952699842687,-.1934998968868422,.2007015011730916,.8548546977658803,-.4470512495873481,-.7972372945613589,-1.470725697546973,-1.315609506472398,-1.159141453341082,-.1176512875926534,1.444191054442251,1.353379581759689,-.5483516030516382,-.784558727709082,747.7785539380275,-.68373078,-.50849897,1.3694689,2.390518,1.0047855,-.6470381,2.2187462,1.0047855
815,-.8885412606527509,-.8894384678979657,-1.00185390496431,-.859220155147485,-.3339667561057501,.1141890183845683,-.5167325250645797,-.6021992993434665,-.7632238688876616,-.7067103893117842,-.6403539263365086,-.9414360450503131,-.3965745050057239,.3806011994752755,-.4470512495873481,-.5773196739364754,-1.09293325158929,-.9570930415540129,-.9045300203607882,-.5827742715284392,-.1731282115964635,-.1605655634088737,-.5006059653250317,-.3964454795179396,880.8034516086336,-1.5595006,-1.4559216,.86594433,2.1022253,.57237273,-1.6365077,1.7514994,.57237273
816,-1.091168079337894,.1525483243603369,-.9104074686552714,-.8586105308323281,1.597629674877567,1.185136998086028,-.5330505546196064,-.897355577677529,-.9180594645043763,-.8032934594401543,-.9489491225530945,-.7126712518568178,1.940011135598269,1.617873648276448,-.4470512495873481,-.762491689296487,-.5398426734419211,-1.313931784832683,1.630782612285411,-.8199391267372574,.7683731715342773,.6481112170156832,-.5483516030516382,-.7337511752186051,834.5687200389802,-.72576755,-1.1567761,.23714323,1.7766563,.94914687,-1.0216801,1.1883311,.94914687
817,-1.074327450546495,-1.232977759811941,-1.250554773879965,.0513910545340178,1.254138090362355,1.201696271046085,-.5330505546196064,-.7834098570518792,-.9547219068975924,-.8126753361568736,-1.072952699842687,-.4669448659410608,.3760384685996906,.8097518547472038,-.4470512495873481,-.7972372945613589,-1.360134783539402,-1.246916126001875,-.9956872000697823,.5798603658002742,2.20363366218762,1.481587886736202,-.5483516030516382,-.448193912610092,285.1544260423398,-1.2751975,-.88984716,.54621947,2.2818623,1.0490707,-1.1749971,1.6688343,1.0490707
818,-1.056645029461065,-1.169856026641636,-1.219095058884733,-.4500206272299762,.3246975686803819,.9187477589220991,-.5330505546196064,-.9466787753832212,-.9547219068975924,-.8126753361568736,-1.072952699842687,-.2610888320886373,.2162008422657516,.6861053673305392,-.4470512495873481,-.7972372945613589,-1.277420091657706,-1.197689642652481,-.8681569585064605,-.5468669908400643,.4046753182533071,1.066229784824254,-.5483516030516382,-.784558727709082,1347.047052248148,-.26793423,-.82326895,.8377617,2.0959601,1.2336274,-.59220976,1.731172,1.2336274
821,-.9075699002993142,-1.234324018104909,-1.106614783487415,-.0563340767761491,.5794682468776249,1.435300300304031,-.5330505546196064,-.9466787753832212,-.9524357001723918,-.8126753361568736,-1.063010722071656,-.4174810120949335,.4178395823553825,1.104976350543538,-.4470512495873481,-.7972372945613589,-.9863005621631589,-.7826760917345912,-1.012263565472178,.3323354369988929,.6775450673315845,1.632835127719772,-.5483516030516382,-.784558727709082,1929.182037833612,-.58173293,-.83814675,.46083578,1.4800643,1.1586794,-.77058661,1.1453137,1.1586794
831,-.6681100566577588,.2319798728363629,-.524026549128192,-.3076483084154013,.4360667260620141,.2313228755867487,-.2393260226291258,-.8110399816925679,-.5290302146652511,-.3998727606212207,-.7806585533743614,-.3340718494249088,.9128011660518732,1.134990948876857,-.0671479698253659,-.6061364656045638,-.3095211004674749,-1.00187555984583,1.556713831782052,-.2118049914500534,-.3251486380708947,-.6864820284718861,-.5483516030516382,-.784558727709082,359.3701711738249,-.38974783,-.71085906,.51769525,1.4888164,1.8069918,-.59731323,1.1840308,1.8069918
832,-.6652690076654013,-1.073839869143142,-.8558806066745847,-1.189859314519688,.9108118646554304,.6209389122326598,-.1134440803474913,-.9466787753832212,-.6186495182931124,-.480958980815724,-.8641711666510259,-.9720216170339261,.1344184562092628,.563839368941856,-.2299636611519297,-.7972372945613589,-1.001073374423911,-.8199625991968121,-.9651517901180011,-1.152512481972447,1.793903987796122,.6212426822885478,.1882953790160055,-.784558727709082,2680.857755222125,-1.3818806,-2.0495858,-.039008807,.062097158,1.7809095,-1.8623002,.013624301,1.7809095
833,-.4095745983532321,-.725781298211105,-.5455356084136064,-.9359671935768847,.3071488651508709,.6542053088042027,-.1658948896315057,-.9466787753832212,-.0865349030026859,.0097047947930598,-.4031119475194409,-.6853026203557161,.4494401471804012,1.295627330733576,.0278278501151297,-.7972372945613589,-1.259597588987064,-1.161049400413721,-.9045300203607882,-.9891952093123095,.0410111906634795,-.0417292105505267,-.5483516030516382,-.784558727709082,4454.85774414934,-.72433764,-1.1899167,.44816816,1.2386572,2.3961127,-1.03889,.99538571,2.3961127
834,-1.009509443906044,-.2160955288232712,-.9341326128367586,-.7001980119067663,.6055698394822208,1.24102454432622,-.5036781014205582,-.7997367488850134,-.7754832996418698,-.7782751215289025,-.4234101521352969,-.7062092138635023,.734155953956848,1.47054250208867,-.4470512495873481,-.5902113965248308,-.8901233990072238,-1.140287595122257,.153521934468433,-.5384395367703291,.2929083778069853,.9006018310268449,-.4624094551437464,-.784558727709082,2046.435615119059,-.74051207,-.11810682,-.079901099,2.0008399,2.1268413,-.4659833,1.1335347,2.1268413
835,-.7647057223979117,.0303459420895276,-.6592263503507965,-.6153963338006175,1.197296000013526,1.823851812259652,-.1134440803474913,-.9466787753832212,-.6986667536751314,-.5178163536314073,-1.072952699842687,-.398583623677506,1.697564062040735,3.827562682856146,.0956677215011979,-.7972372945613589,-.3224473111956325,-1.017694078163136,1.556713831782052,-.7045565341046406,.2357770570115509,-.3301978967476812,-.5483516030516382,-.784558727709082,91.06618301989511,-.31183827,-.52248293,.58912855,1.9478062,2.042697,-.45279664,1.4970303,2.042697
911,-.8073214572832732,-.7537860108148323,-.8968502434087072,-1.695933845153155,.6413803564019828,1.992401554888804,-.1414178452989657,-.4945494630810432,-.7866857125953524,-.6836745313019821,-.8293742444524158,-1.396126799620445,.4959623378301475,1.777536476303733,-.4470512495873481,-.7972372945613589,-.7694787655444189,-.7804163034035474,-.3670169951801678,-1.631576481775518,.7032151362469222,2.024786231505112,.5975437023869187,.1469130679496596,7824.736445797898,-1.9790792,-1.7659174,-.43003136,.87318182,.010501212,-2.0324569,.26150048,.010501217
912,-.7990350643888973,-.9218142864371951,-.9326986755510644,-1.432638312323581,.5578224835892048,.775294992324619,-.3617112442918261,-.6075817911565876,-.898709842130179,-.7481749337294279,-1.072952699842687,-1.20796745805037,.402917956530655,.8256171764120649,-.4470512495873481,-.7972372945613589,-.6375236976944759,-.6189355955810496,-.3670169951801678,-1.348493209164613,.6512775718874366,.6549817099139461,-.0470224069222696,-.0859548809650258,445.0042216426227,-2.2755949,-1.9193633,-.37385163,1.060895,.65262884,-2.2766566,.40542021,.65262884
921,-.9493739069011451,-1.025831790393896,-1.089407536059083,-1.364249862237978,.0411278823183531,2.212403324215274,-.5330505546196064,-.9466787753832212,-.898709842130179,-.8126753361568736,-.8293742444524158,-1.330420362881689,.1344184562092628,3.072826666513467,-.4470512495873481,-.7972372945613589,-1.049546664654502,-.8990551907833418,-.9166543743122307,-1.096517988488972,-.0981072852994286,1.157693221532379,-.5483516030516382,-.784558727709082,1608.383466990083,-1.7103933,-1.3742242,-1.4223722,.6367889,1.1249907,-1.6740608,-.46356809,1.1249907
931,-1.105631601480804,-.1296809870746275,-.9951773715706013,-.3965532935266859,.3105593905718004,1.987078931437356,-.5330505546196064,.0867596527360429,-.7733495066983491,-.8126753361568736,-.284222463340856,-.2552241253384011,.4853286942530625,1.434165585985667,-.4470512495873481,-.1602345313720415,-1.054932585791234,-1.334064444509254,.1341229681461249,-.4556921186225257,-.0016518086318123,2.355428702234015,-.5483516030516382,.4130478667093,1215.402617713204,.10740649,-.17358352,-.26739076,1.7352729,1.9767777,-.035915114,.86618859,1.9767777
932,-1.105631601480804,-1.313880262889375,-1.298352683403108,-1.504446184913465,.0445384077392828,1.209975907526113,-.5330505546196064,-.9466787753832212,-.9547219068975924,-.8126753361568736,-1.072952699842687,-1.354313612604873,.2726558227113657,.2782635789743557,-.4470512495873481,-.7972372945613589,-1.485806276729823,-1.334064444509254,-1.159141453341082,-1.326717572809928,-.2835985865833062,2.024786231505112,-.5483516030516382,-.784558727709082,1823.731129055144,-.96306115,-1.2180431,.58772951,1.9535582,1.0485345,-1.1837127,1.4995989,1.0485345
933,-.7855696759355366,-.9673219444182517,-.9326986755510644,-1.268078604305097,.4101041012951866,.4865426700836262,-.0832848650091831,-.8195174062982337,-.6011457480532958,-.4821107737162141,-.7837032840667398,-.9518616875799895,.2610252750489291,.4522863259858012,.1228036700556252,-.6777992764633619,-1.23839052451118,-1.152398648208944,-.8620947815307392,-1.315829754632585,.527925856533658,.4763757324219943,-.521494681830422,-.6972332468660749,3301.428052817821,-1.2417309,-1.2910498,.65632671,.76100183,1.4448791,-1.3745719,.83635724,1.4448791
941,-.5587296704519975,-.8097954360222865,-.6960990234115068,-1.384766397263659,.8084961020275389,.9243284489651313,-.3861882886243661,-.9466787753832212,-.4506133239908724,-.425672921592199,-.3422173336718731,-1.061621303495867,1.20309963570629,1.563354633828107,-.257099609706357,-.7972372945613589,-.920284557372925,-.6420042681271206,-1.159141453341082,-1.413820118228668,.0799643639330938,.20625264249615,-.5483516030516382,-.784558727709082,1922.611750945798,-1.0750791,-.84116721,.3272815,.80318141,.20182286,-1.039971,.66707951,.20182286
951,-.1112644541557012,-.6417671603999237,-.26591783770322,-1.312958524673775,-.1941983717257971,-.9013313948811453,-.5330505546196064,-.9466787753832212,-.2825771296886325,-.0386705070275245,-1.072952699842687,-1.688819108729451,-.4716992276845733,-.8640395808956459,-.4470512495873481,-.7972372945613589,-.1285541502732675,-.2267681622978404,.1987861892204852,-.6298972094600062,.2357770570115509,-.856526727703893,-.5483516030516382,-.784558727709082,23.23545061610639,.4789491,-.015036336,-1.5935724,-1.5874141,-1.0002007,.2517713,-1.8770813,-1.0002007
952,.0876089753093193,.0303459420895276,.0782271108634093,-1.60019001503331,-.1941983717257971,-.4542310249596082,.0543985093613547,.409709161523313,.6136159065899807,.4773327123920416,.8756749432794836,-1.187060864542584,-.9183122579221367,-.0073122109931447,.3127553099366163,1.113770995006593,-1.033388901244305,-.7804163034035474,-1.159141453341082,-1.675127754484889,.8590278293253794,-.856526727703893,-.5483516030516382,-.784558727709082,152.1781720835716,-1.5877171,1.3847009,-3.944227,-1.8667982,-.94559813,-.11017943,-3.4290516,-.94559813
961,-.9564765293820386,-1.145851987267012,-1.126280209119793,-1.456574269853542,.5936330005089668,1.1478786339259,-.5330505546196064,-.6075817911565876,-.898709842130179,-.8126753361568736,-.8293742444524158,-1.563379547682734,.0865670601123809,.8494151589093565,-.4470512495873481,-.3194852221693709,-1.146493245115684,-.9188283386799742,-1.159141453341082,-1.021858663844337,1.170653215482294,1.339883970709529,-.5483516030516382,-.784558727709082,665.5088199127931,-1.1475062,-.89931691,-.39703324,2.0907919,1.8238995,-1.1108366,.99947703,1.8238995
962,.0165827505003835,-1.275473799889978,-.3175395799882144,-1.304751910663502,.2437130923215781,.5400350357706675,.4236522067208159,-.9466787753832212,-.4490129792832321,-.2303288456690776,-1.072952699842687,-1.144053015040852,.2237410622567754,-.1256221811225377,.3561728276237,-.7972372945613589,.0718021160131766,.5404299760914968,-1.08154558805185,-1.182376211830301,.2179698920882987,1.151620196559807,.4338443730385534,-.784558727709082,1624.792223885306,-1.2495022,-.89652592,-.38829532,.45714608,1.1217719,-1.1646764,.040628426,1.1217719
